chapter,book,wave,status,start_time,end_time,duration_s,input_tokens,cache_creation_tokens,cache_read_tokens,output_tokens,total_tokens,cost_usd,last_heartbeat,terminal_id,retry_at
acok-arya-01,acok,1,done,2026-05-04 15:16:56,2026-05-04 15:19:53,177,5,51146,67157,8444,126752,0.5649590000000001,,,
acok-arya-06,acok,2,done,2026-05-04 15:16:56,2026-05-04 15:22:08,312,6,56697,110995,13624,181322,0.7510667500000001,,,
acok-arya-01,acok,1,done,2026-05-04 15:18:52,2026-05-04 15:23:06,254,5,51146,67157,8444,126752,0.5649590000000001,,,
acok-arya-07,acok,2,done,2026-05-04 15:22:08,2026-05-04 15:23:09,61,3,10357,13790,244,24394,0.07832925000000002,,,
acok-arya-02,acok,1,done,2026-05-04 15:19:53,2026-05-04 15:23:12,199,0,0,0,0,0,0,,,
acok-arya-03,acok,1,done,2026-05-04 15:23:12,2026-05-04 15:23:16,4,0,0,0,0,0,0.0005780000000000001,,,
acok-arya-02,acok,1,done,2026-05-04 15:23:06,2026-05-04 15:29:37,391,6,47521,122124,16446,186097,0.7698262499999999,,,
acok-arya-03,acok,1,done,2026-05-04 15:29:37,2026-05-04 15:35:29,352,4096,43948,116531,14245,178820,0.7101285,,,
acok-arya-04,acok,1,done,2026-05-04 15:35:29,2026-05-04 15:41:48,379,4096,48801,120677,15134,188708,0.76476775,,,
acok-arya-05,acok,1,done,2026-05-04 15:41:48,2026-05-04 15:44:59,191,6,42310,125502,7802,175620,0.5228465,,,
acok-arya-01,acok,1,done,2026-05-04 16:32:57,2026-05-04 16:36:09,192,6,38475,125972,9134,173587,0.53241275,,,
acok-arya-06,acok,2,done,2026-05-04 16:32:57,2026-05-04 16:37:26,269,7,40769,163737,11545,216058,0.6259327499999999,,,
acok-arya-02,acok,1,done,2026-05-04 16:36:09,2026-05-04 16:41:19,310,6,44482,122153,13430,180071,0.675467,,,
acok-arya-07,acok,2,done,2026-05-04 16:37:26,2026-05-04 16:41:57,271,6,44632,123773,11892,180303,0.6387695,,,
acok-arya-08,acok,2,done,2026-05-04 16:41:58,2026-05-04 16:45:49,231,6,51103,110964,10386,172459,0.63515375,,,
acok-arya-03,acok,1,done,2026-05-04 16:41:19,2026-05-04 16:45:59,280,6,41257,120840,11569,173672,0.6081192500000001,,,
acok-arya-09,acok,2,done,2026-05-04 16:45:49,2026-05-04 16:51:41,352,6,51282,127729,14789,193806,0.7547349999999999,,,
acok-arya-04,acok,1,done,2026-05-04 16:45:59,2026-05-04 16:52:03,364,5,48741,86089,14905,149740,0.7209087500000001,,,
acok-arya-05,acok,1,done,2026-05-04 16:52:03,2026-05-04 16:55:13,190,6,42495,125913,7847,176261,0.5253482500000001,,,
acok-arya-10,acok,2,done,2026-05-04 16:51:41,2026-05-04 16:56:31,290,6,47567,126849,11972,186394,0.66065125,,,
acok-bran-06,acok,4,done,2026-05-04 18:55:20,2026-05-04 18:59:51,271,5,57429,69800,12381,139615,0.70397925,,,
acok-bran-01,acok,3,done,2026-05-04 18:55:17,2026-05-04 19:00:58,341,5,60487,69403,15778,145673,0.8078082500000001,,,
acok-bran-01,acok,3,done,2026-05-04 18:56:35,2026-05-04 19:02:02,327,7,56576,200125,14750,271458,0.8230454999999999,,,
acok-bran-07,acok,4,done,2026-05-04 18:59:51,2026-05-04 19:03:53,242,6,42662,123999,10108,176775,0.5819700000000001,,,
acok-bran-02,acok,3,done,2026-05-04 19:00:58,2026-05-04 19:05:10,252,4096,46065,122614,10790,183565,0.64002125,,,
acok-bran-06,acok,4,done,2026-05-04 18:56:37,2026-05-04 19:06:06,569,4099,45904,308198,24930,383131,1.085347,,,
acok-bran-07,acok,4,skipped-done,,,,,,,,,,,,
acok-catelyn-01,acok,4,done,2026-05-04 19:03:53,2026-05-04 19:09:09,316,6,47439,124976,14031,186452,0.7103797500000001,,,
acok-bran-03,acok,3,done,2026-05-04 19:05:10,2026-05-04 19:09:15,245,6,41488,122511,10534,174539,0.5845135,,,
acok-bran-02,acok,3,done,2026-05-04 19:02:02,2026-05-04 19:10:48,526,9,47934,321103,23044,392090,1.036867,,,
acok-bran-03,acok,3,skipped-done,,,,,,,,,,,,
acok-bran-04,acok,3,done,2026-05-04 19:09:15,2026-05-04 19:13:22,247,5,41805,83353,10953,136116,0.57741075,,,
acok-catelyn-02,acok,4,done,2026-05-04 19:09:09,2026-05-04 19:14:05,296,6,48032,127868,11951,187857,0.663537,,,
acok-catelyn-01,acok,4,done,2026-05-04 19:06:06,2026-05-04 19:14:37,511,9,56198,302916,22570,381693,1.0675735,,,
acok-catelyn-02,acok,4,skipped-done,,,,,,,,,,,,
acok-bran-05,acok,3,done,2026-05-04 19:13:23,2026-05-04 19:16:07,164,4096,38026,117373,8266,167761,0.524077,,,
acok-bran-04,acok,3,done,2026-05-04 19:10:48,2026-05-04 19:16:19,331,9,37122,294276,16709,348116,0.7975235,,,
acok-bran-05,acok,3,skipped-done,,,,,,,,,,,,
acok-catelyn-03,acok,4,done,2026-05-04 19:14:05,2026-05-04 19:18:48,283,6,45197,125333,11595,182131,0.6356307499999999,,,
acok-catelyn-03,acok,4,done,2026-05-04 19:14:37,2026-05-04 19:25:27,650,8,62004,297845,28277,388134,1.2440155,,,
acok-catelyn-04,acok,5,failed-stale,2026-05-05T02:14:51Z,,,,,,,,,2026-05-05T02:14:51Z,Mac.attlocal.net-11306,
acok-daenerys-02,acok,6,failed-stale,2026-05-05T02:14:51Z,,,,,,,,,2026-05-05T02:14:51Z,Mac.attlocal.net-11545,
acok-davos-02,acok,7,failed-stale,2026-05-05T02:14:51Z,,,,,,,,,2026-05-05T02:14:51Z,Mac.attlocal.net-11610,
acok-jon-04,acok,8,failed-stale,2026-05-05T02:14:51Z,,,,,,,,,2026-05-05T02:14:51Z,Mac.attlocal.net-12079,
acok-prologue,acok,9,failed-stale,2026-05-05T02:14:51Z,,,,,,,,,2026-05-05T02:14:51Z,Mac.attlocal.net-12404,
acok-catelyn-04,acok,5,failed-stale,,,,,,,,,,2026-05-05T02:15:21Z,Mac.attlocal.net-11306,
acok-daenerys-02,acok,6,failed-stale,,,,,,,,,,2026-05-05T02:15:21Z,Mac.attlocal.net-11545,
acok-davos-02,acok,7,failed-stale,,,,,,,,,,2026-05-05T02:15:21Z,Mac.attlocal.net-11610,
acok-jon-04,acok,8,failed-stale,,,,,,,,,,2026-05-05T02:15:21Z,Mac.attlocal.net-12079,
acok-prologue,acok,9,failed-stale,,,,,,,,,,2026-05-05T02:15:21Z,Mac.attlocal.net-12404,
acok-catelyn-04,acok,5,failed-stale,2026-05-05T02:33:01Z,,,,,,,,,2026-05-05T02:33:01Z,Mac.attlocal.net-15549,
acok-daenerys-02,acok,6,failed-stale,2026-05-05T02:33:01Z,,,,,,,,,2026-05-05T02:33:01Z,Mac.attlocal.net-15804,
acok-catelyn-04,acok,5,failed-error,2026-05-04 21:33:01,2026-05-04 21:33:02,1,0,0,0,0,0,0,,Mac.attlocal.net-15549,
acok-catelyn-05,acok,5,failed-stale,2026-05-05T02:33:02Z,,,,,,,,,2026-05-05T02:33:02Z,Mac.attlocal.net-15549,
acok-daenerys-02,acok,6,failed-error,2026-05-04 21:33:01,2026-05-04 21:33:02,1,0,0,0,0,0,0,,Mac.attlocal.net-15804,
acok-daenerys-03,acok,6,failed-stale,2026-05-05T02:33:02Z,,,,,,,,,2026-05-05T02:33:02Z,Mac.attlocal.net-15804,
acok-catelyn-05,acok,5,failed-error,2026-05-04 21:33:02,2026-05-04 21:33:03,1,0,0,0,0,0,0,,Mac.attlocal.net-15549,
acok-catelyn-06,acok,5,failed-stale,2026-05-05T02:33:03Z,,,,,,,,,2026-05-05T02:33:03Z,Mac.attlocal.net-15549,
acok-daenerys-03,acok,6,failed-error,2026-05-04 21:33:02,2026-05-04 21:33:03,1,0,0,0,0,0,0,,Mac.attlocal.net-15804,
acok-daenerys-04,acok,6,failed-stale,2026-05-05T02:33:03Z,,,,,,,,,2026-05-05T02:33:03Z,Mac.attlocal.net-15804,
acok-catelyn-06,acok,5,failed-error,2026-05-04 21:33:03,2026-05-04 21:33:04,1,0,0,0,0,0,0,,Mac.attlocal.net-15549,
acok-catelyn-07,acok,5,failed-stale,2026-05-05T02:33:04Z,,,,,,,,,2026-05-05T02:33:04Z,Mac.attlocal.net-15549,
acok-daenerys-04,acok,6,failed-error,2026-05-04 21:33:03,2026-05-04 21:33:04,1,0,0,0,0,0,0,,Mac.attlocal.net-15804,
acok-daenerys-05,acok,6,failed-stale,2026-05-05T02:33:04Z,,,,,,,,,2026-05-05T02:33:04Z,Mac.attlocal.net-15804,
acok-daenerys-05,acok,6,failed-error,2026-05-04 21:33:04,2026-05-04 21:33:05,1,0,0,0,0,0,0,,Mac.attlocal.net-15804,
acok-davos-01,acok,6,failed-stale,2026-05-05T02:33:05Z,,,,,,,,,2026-05-05T02:33:05Z,Mac.attlocal.net-15804,
acok-catelyn-07,acok,5,failed-error,2026-05-04 21:33:04,2026-05-04 21:33:06,2,0,0,0,0,0,0,,Mac.attlocal.net-15549,
acok-daenerys-01,acok,5,failed-stale,2026-05-05T02:33:06Z,,,,,,,,,2026-05-05T02:33:06Z,Mac.attlocal.net-15549,
acok-davos-01,acok,6,failed-error,2026-05-04 21:33:05,2026-05-04 21:33:06,1,0,0,0,0,0,0,,Mac.attlocal.net-15804,
acok-daenerys-01,acok,5,failed-error,2026-05-04 21:33:06,2026-05-04 21:33:07,1,0,0,0,0,0,0,,Mac.attlocal.net-15549,
acok-catelyn-04,acok,5,failed-stale,2026-05-05T03:14:04Z,,,,,,,,,2026-05-05T03:14:04Z,Mac.attlocal.net-27104,
acok-jon-04,acok,8,failed-stale,2026-05-05T03:14:04Z,,,,,,,,,2026-05-05T03:14:04Z,Mac.attlocal.net-27112,
acok-catelyn-04,acok,5,failed-stale,,,,,,,,,,2026-05-05T03:14:34Z,Mac.attlocal.net-27104,
acok-jon-04,acok,8,failed-stale,,,,,,,,,,2026-05-05T03:14:35Z,Mac.attlocal.net-27112,
acok-catelyn-04,acok,5,failed-stale,,,,,,,,,,2026-05-05T03:15:04Z,Mac.attlocal.net-27104,
acok-jon-04,acok,8,failed-stale,,,,,,,,,,2026-05-05T03:15:05Z,Mac.attlocal.net-27112,
acok-catelyn-04,acok,5,failed-stale,,,,,,,,,,2026-05-05T03:15:34Z,Mac.attlocal.net-27104,
acok-jon-04,acok,8,failed-stale,,,,,,,,,,2026-05-05T03:15:35Z,Mac.attlocal.net-27112,
acok-catelyn-04,acok,5,failed-stale,,,,,,,,,,2026-05-05T03:16:04Z,Mac.attlocal.net-27104,
acok-jon-04,acok,8,failed-stale,,,,,,,,,,2026-05-05T03:16:05Z,Mac.attlocal.net-27112,
acok-catelyn-04,acok,5,failed-stale,,,,,,,,,,2026-05-05T03:16:34Z,Mac.attlocal.net-27104,
acok-jon-04,acok,8,failed-stale,,,,,,,,,,2026-05-05T03:16:35Z,Mac.attlocal.net-27112,
acok-catelyn-04,acok,5,failed-stale,,,,,,,,,,2026-05-05T03:17:04Z,Mac.attlocal.net-27104,
acok-jon-04,acok,8,failed-stale,,,,,,,,,,2026-05-05T03:17:05Z,Mac.attlocal.net-27112,
acok-jon-04,acok,8,done,2026-05-04 22:14:05,2026-05-04 22:17:06,181,6,52172,107791,7577,167546,0.5699915,,Mac.attlocal.net-27112,
acok-jon-05,acok,8,failed-stale,2026-05-05T03:17:06Z,,,,,,,,,2026-05-05T03:17:06Z,Mac.attlocal.net-27112,
acok-catelyn-04,acok,5,failed-stale,,,,,,,,,,2026-05-05T03:17:34Z,Mac.attlocal.net-27104,
acok-jon-05,acok,8,failed-stale,,,,,,,,,,2026-05-05T03:17:37Z,Mac.attlocal.net-27112,
acok-catelyn-04,acok,5,failed-stale,,,,,,,,,,2026-05-05T03:18:04Z,Mac.attlocal.net-27104,
acok-jon-05,acok,8,failed-stale,,,,,,,,,,2026-05-05T03:18:07Z,Mac.attlocal.net-27112,
acok-catelyn-04,acok,5,done,2026-05-04 22:14:04,2026-05-04 22:18:25,261,6,55612,107955,10941,174514,0.6756905,,Mac.attlocal.net-27104,
acok-catelyn-05,acok,5,failed-stale,2026-05-05T03:18:26Z,,,,,,,,,2026-05-05T03:18:26Z,Mac.attlocal.net-27104,
acok-jon-05,acok,8,failed-stale,,,,,,,,,,2026-05-05T03:18:37Z,Mac.attlocal.net-27112,
acok-catelyn-05,acok,5,failed-stale,,,,,,,,,,2026-05-05T03:18:56Z,Mac.attlocal.net-27104,
acok-jon-05,acok,8,failed-stale,,,,,,,,,,2026-05-05T03:19:07Z,Mac.attlocal.net-27112,
acok-catelyn-05,acok,5,failed-stale,,,,,,,,,,2026-05-05T03:19:26Z,Mac.attlocal.net-27104,
acok-jon-05,acok,8,failed-stale,,,,,,,,,,2026-05-05T03:19:37Z,Mac.attlocal.net-27112,
acok-catelyn-05,acok,5,failed-stale,,,,,,,,,,2026-05-05T03:19:56Z,Mac.attlocal.net-27104,
acok-jon-05,acok,8,failed-stale,,,,,,,,,,2026-05-05T03:20:07Z,Mac.attlocal.net-27112,
acok-catelyn-05,acok,5,failed-stale,,,,,,,,,,2026-05-05T03:20:26Z,Mac.attlocal.net-27104,
acok-jon-05,acok,8,failed-stale,,,,,,,,,,2026-05-05T03:20:37Z,Mac.attlocal.net-27112,
acok-catelyn-05,acok,5,failed-stale,,,,,,,,,,2026-05-05T03:20:56Z,Mac.attlocal.net-27104,
acok-jon-05,acok,8,done,2026-05-04 22:17:07,2026-05-04 22:21:06,239,5,40186,81952,10279,132422,0.5497245,,Mac.attlocal.net-27112,
acok-jon-06,acok,8,failed-stale,2026-05-05T03:21:06Z,,,,,,,,,2026-05-05T03:21:06Z,Mac.attlocal.net-27112,
acok-catelyn-05,acok,5,failed-stale,,,,,,,,,,2026-05-05T03:21:26Z,Mac.attlocal.net-27104,
acok-jon-06,acok,8,failed-stale,,,,,,,,,,2026-05-05T03:21:36Z,Mac.attlocal.net-27112,
acok-catelyn-05,acok,5,failed-stale,,,,,,,,,,2026-05-05T03:21:56Z,Mac.attlocal.net-27104,
acok-jon-06,acok,8,failed-stale,,,,,,,,,,2026-05-05T03:22:06Z,Mac.attlocal.net-27112,
acok-catelyn-05,acok,5,failed-stale,,,,,,,,,,2026-05-05T03:22:26Z,Mac.attlocal.net-27104,
acok-jon-06,acok,8,failed-stale,,,,,,,,,,2026-05-05T03:22:36Z,Mac.attlocal.net-27112,
acok-catelyn-05,acok,5,failed-stale,,,,,,,,,,2026-05-05T03:22:56Z,Mac.attlocal.net-27104,
acok-catelyn-05,acok,5,done,2026-05-04 22:18:26,2026-05-04 22:23:00,274,6,45959,125160,11690,182815,0.64268175,,Mac.attlocal.net-27104,
acok-catelyn-06,acok,5,failed-stale,2026-05-05T03:23:00Z,,,,,,,,,2026-05-05T03:23:00Z,Mac.attlocal.net-27104,
acok-jon-06,acok,8,failed-stale,,,,,,,,,,2026-05-05T03:23:06Z,Mac.attlocal.net-27112,
acok-catelyn-06,acok,5,failed-stale,,,,,,,,,,2026-05-05T03:23:30Z,Mac.attlocal.net-27104,
acok-jon-06,acok,8,failed-stale,,,,,,,,,,2026-05-05T03:23:36Z,Mac.attlocal.net-27112,
acok-catelyn-06,acok,5,failed-stale,,,,,,,,,,2026-05-05T03:24:00Z,Mac.attlocal.net-27104,
acok-jon-06,acok,8,failed-stale,,,,,,,,,,2026-05-05T03:24:06Z,Mac.attlocal.net-27112,
acok-catelyn-06,acok,5,failed-stale,,,,,,,,,,2026-05-05T03:24:30Z,Mac.attlocal.net-27104,
acok-jon-06,acok,8,failed-stale,,,,,,,,,,2026-05-05T03:24:36Z,Mac.attlocal.net-27112,
acok-catelyn-06,acok,5,failed-stale,,,,,,,,,,2026-05-05T03:25:00Z,Mac.attlocal.net-27104,
acok-jon-06,acok,8,failed-stale,,,,,,,,,,2026-05-05T03:25:06Z,Mac.attlocal.net-27112,
acok-jon-06,acok,8,done,2026-05-04 22:21:06,2026-05-04 22:25:21,255,5,42575,84466,10146,137192,0.5625727500000001,,Mac.attlocal.net-27112,
acok-jon-07,acok,8,failed-stale,2026-05-05T03:25:21Z,,,,,,,,,2026-05-05T03:25:21Z,Mac.attlocal.net-27112,
acok-catelyn-06,acok,5,failed-stale,,,,,,,,,,2026-05-05T03:25:30Z,Mac.attlocal.net-27104,
acok-jon-07,acok,8,failed-stale,,,,,,,,,,2026-05-05T03:25:51Z,Mac.attlocal.net-27112,
acok-catelyn-06,acok,5,failed-stale,,,,,,,,,,2026-05-05T03:26:00Z,Mac.attlocal.net-27104,
acok-jon-07,acok,8,failed-stale,,,,,,,,,,2026-05-05T03:26:21Z,Mac.attlocal.net-27112,
acok-catelyn-06,acok,5,failed-stale,,,,,,,,,,2026-05-05T03:26:30Z,Mac.attlocal.net-27104,
acok-jon-07,acok,8,failed-stale,,,,,,,,,,2026-05-05T03:26:51Z,Mac.attlocal.net-27112,
acok-catelyn-06,acok,5,failed-stale,,,,,,,,,,2026-05-05T03:27:00Z,Mac.attlocal.net-27104,
acok-catelyn-06,acok,5,done,2026-05-04 22:23:00,2026-05-04 22:27:05,245,6,42515,123001,10480,176002,0.58984725,,Mac.attlocal.net-27104,
acok-catelyn-07,acok,5,failed-stale,2026-05-05T03:27:05Z,,,,,,,,,2026-05-05T03:27:05Z,Mac.attlocal.net-27104,
acok-jon-07,acok,8,failed-stale,,,,,,,,,,2026-05-05T03:27:21Z,Mac.attlocal.net-27112,
acok-catelyn-07,acok,5,failed-stale,,,,,,,,,,2026-05-05T03:27:35Z,Mac.attlocal.net-27104,
acok-jon-07,acok,8,failed-stale,,,,,,,,,,2026-05-05T03:27:51Z,Mac.attlocal.net-27112,
acok-catelyn-07,acok,5,failed-stale,,,,,,,,,,2026-05-05T03:28:05Z,Mac.attlocal.net-27104,
acok-jon-07,acok,8,done,2026-05-04 22:25:21,2026-05-04 22:28:09,168,6,36916,121097,6812,164831,0.4621945,,Mac.attlocal.net-27112,
acok-jon-08,acok,8,failed-stale,2026-05-05T03:28:09Z,,,,,,,,,2026-05-05T03:28:09Z,Mac.attlocal.net-27112,
acok-catelyn-07,acok,5,failed-stale,,,,,,,,,,2026-05-05T03:28:35Z,Mac.attlocal.net-27104,
acok-jon-08,acok,8,failed-stale,,,,,,,,,,2026-05-05T03:28:39Z,Mac.attlocal.net-27112,
acok-catelyn-07,acok,5,failed-stale,,,,,,,,,,2026-05-05T03:29:05Z,Mac.attlocal.net-27104,
acok-jon-08,acok,8,failed-stale,,,,,,,,,,2026-05-05T03:29:09Z,Mac.attlocal.net-27112,
acok-catelyn-07,acok,5,failed-stale,,,,,,,,,,2026-05-05T03:29:35Z,Mac.attlocal.net-27104,
acok-jon-08,acok,8,failed-stale,,,,,,,,,,2026-05-05T03:29:39Z,Mac.attlocal.net-27112,
acok-catelyn-07,acok,5,failed-stale,,,,,,,,,,2026-05-05T03:30:05Z,Mac.attlocal.net-27104,
acok-jon-08,acok,8,failed-stale,,,,,,,,,,2026-05-05T03:30:09Z,Mac.attlocal.net-27112,
acok-catelyn-07,acok,5,failed-stale,,,,,,,,,,2026-05-05T03:30:35Z,Mac.attlocal.net-27104,
acok-jon-08,acok,8,failed-stale,,,,,,,,,,2026-05-05T03:30:39Z,Mac.attlocal.net-27112,
acok-catelyn-07,acok,5,failed-stale,,,,,,,,,,2026-05-05T03:31:05Z,Mac.attlocal.net-27104,
acok-jon-08,acok,8,failed-stale,,,,,,,,,,2026-05-05T03:31:09Z,Mac.attlocal.net-27112,
acok-catelyn-07,acok,5,done,2026-05-04 22:27:05,2026-05-04 22:31:19,254,6,45041,125269,10822,181138,0.61532375,,Mac.attlocal.net-27104,
acok-daenerys-01,acok,5,failed-stale,2026-05-05T03:31:19Z,,,,,,,,,2026-05-05T03:31:19Z,Mac.attlocal.net-27104,
acok-jon-08,acok,8,failed-stale,,,,,,,,,,2026-05-05T03:31:39Z,Mac.attlocal.net-27112,
acok-daenerys-01,acok,5,failed-stale,,,,,,,,,,2026-05-05T03:31:49Z,Mac.attlocal.net-27104,
acok-jon-08,acok,8,done,2026-05-04 22:28:09,2026-05-04 22:31:49,220,6,55877,108401,9017,173301,0.62945775,,Mac.attlocal.net-27112,
acok-prologue,acok,9,failed-stale,2026-05-05T03:31:50Z,,,,,,,,,2026-05-05T03:31:50Z,Mac.attlocal.net-33776,
acok-daenerys-01,acok,5,failed-stale,,,,,,,,,,2026-05-05T03:32:19Z,Mac.attlocal.net-27104,
acok-prologue,acok,9,failed-stale,,,,,,,,,,2026-05-05T03:32:20Z,Mac.attlocal.net-33776,
acok-daenerys-01,acok,5,failed-stale,,,,,,,,,,2026-05-05T03:32:49Z,Mac.attlocal.net-27104,
acok-prologue,acok,9,failed-stale,,,,,,,,,,2026-05-05T03:32:50Z,Mac.attlocal.net-33776,
acok-daenerys-01,acok,5,failed-stale,,,,,,,,,,2026-05-05T03:33:19Z,Mac.attlocal.net-27104,
acok-prologue,acok,9,failed-stale,,,,,,,,,,2026-05-05T03:33:20Z,Mac.attlocal.net-33776,
acok-daenerys-01,acok,5,failed-stale,,,,,,,,,,2026-05-05T03:33:49Z,Mac.attlocal.net-27104,
acok-prologue,acok,9,failed-stale,,,,,,,,,,2026-05-05T03:33:50Z,Mac.attlocal.net-33776,
acok-daenerys-01,acok,5,failed-stale,,,,,,,,,,2026-05-05T03:34:19Z,Mac.attlocal.net-27104,
acok-prologue,acok,9,failed-stale,,,,,,,,,,2026-05-05T03:34:20Z,Mac.attlocal.net-33776,
acok-daenerys-01,acok,5,failed-stale,,,,,,,,,,2026-05-05T03:34:49Z,Mac.attlocal.net-27104,
acok-prologue,acok,9,failed-stale,,,,,,,,,,2026-05-05T03:34:50Z,Mac.attlocal.net-33776,
acok-daenerys-01,acok,5,failed-stale,,,,,,,,,,2026-05-05T03:35:19Z,Mac.attlocal.net-27104,
acok-prologue,acok,9,failed-stale,,,,,,,,,,2026-05-05T03:35:20Z,Mac.attlocal.net-33776,
acok-daenerys-01,acok,5,failed-stale,,,,,,,,,,2026-05-05T03:35:49Z,Mac.attlocal.net-27104,
acok-prologue,acok,9,failed-stale,,,,,,,,,,2026-05-05T03:35:50Z,Mac.attlocal.net-33776,
acok-daenerys-01,acok,5,failed-stale,,,,,,,,,,2026-05-05T03:36:19Z,Mac.attlocal.net-27104,
acok-prologue,acok,9,failed-stale,,,,,,,,,,2026-05-05T03:36:20Z,Mac.attlocal.net-33776,
acok-prologue,acok,9,done,2026-05-04 22:31:50,2026-05-04 22:36:48,298,6,52941,132037,12126,197110,0.70063875,,Mac.attlocal.net-33776,
acok-sansa-01,acok,9,failed-stale,2026-05-05T03:36:48Z,,,,,,,,,2026-05-05T03:36:48Z,Mac.attlocal.net-33776,
acok-daenerys-01,acok,5,failed-stale,,,,,,,,,,2026-05-05T03:36:49Z,Mac.attlocal.net-27104,
acok-daenerys-01,acok,5,done,2026-05-04 22:31:19,2026-05-04 22:37:12,353,5,49758,85847,16061,151671,0.7560459999999999,,Mac.attlocal.net-27104,
acok-daenerys-02,acok,6,failed-stale,2026-05-05T03:37:14Z,,,,,,,,,2026-05-05T03:37:14Z,Mac.attlocal.net-35515,
acok-sansa-01,acok,9,failed-stale,,,,,,,,,,2026-05-05T03:37:18Z,Mac.attlocal.net-33776,
acok-daenerys-02,acok,6,failed-stale,,,,,,,,,,2026-05-05T03:37:44Z,Mac.attlocal.net-35515,
acok-sansa-01,acok,9,failed-stale,,,,,,,,,,2026-05-05T03:37:48Z,Mac.attlocal.net-33776,
acok-daenerys-02,acok,6,failed-stale,,,,,,,,,,2026-05-05T03:38:14Z,Mac.attlocal.net-35515,
acok-sansa-01,acok,9,failed-stale,,,,,,,,,,2026-05-05T03:38:18Z,Mac.attlocal.net-33776,
acok-daenerys-02,acok,6,failed-stale,,,,,,,,,,2026-05-05T03:38:44Z,Mac.attlocal.net-35515,
acok-sansa-01,acok,9,failed-stale,,,,,,,,,,2026-05-05T03:38:48Z,Mac.attlocal.net-33776,
acok-daenerys-02,acok,6,failed-stale,,,,,,,,,,2026-05-05T03:39:14Z,Mac.attlocal.net-35515,
acok-sansa-01,acok,9,failed-stale,,,,,,,,,,2026-05-05T03:39:18Z,Mac.attlocal.net-33776,
acok-daenerys-02,acok,6,failed-stale,,,,,,,,,,2026-05-05T03:39:44Z,Mac.attlocal.net-35515,
acok-sansa-01,acok,9,failed-stale,,,,,,,,,,2026-05-05T03:39:48Z,Mac.attlocal.net-33776,
acok-daenerys-02,acok,6,failed-stale,,,,,,,,,,2026-05-05T03:40:14Z,Mac.attlocal.net-35515,
acok-sansa-01,acok,9,failed-stale,,,,,,,,,,2026-05-05T03:40:18Z,Mac.attlocal.net-33776,
acok-daenerys-02,acok,6,failed-stale,,,,,,,,,,2026-05-05T03:40:44Z,Mac.attlocal.net-35515,
acok-sansa-01,acok,9,failed-stale,,,,,,,,,,2026-05-05T03:40:48Z,Mac.attlocal.net-33776,
acok-daenerys-02,acok,6,failed-stale,,,,,,,,,,2026-05-05T03:41:14Z,Mac.attlocal.net-35515,
acok-sansa-01,acok,9,failed-stale,,,,,,,,,,2026-05-05T03:41:18Z,Mac.attlocal.net-33776,
acok-daenerys-02,acok,6,failed-stale,,,,,,,,,,2026-05-05T03:41:44Z,Mac.attlocal.net-35515,
acok-sansa-01,acok,9,done,2026-05-04 22:36:48,2026-05-04 22:41:46,298,5,46726,85180,13699,145610,0.6777255,,Mac.attlocal.net-33776,
acok-sansa-02,acok,9,failed-stale,2026-05-05T03:41:46Z,,,,,,,,,2026-05-05T03:41:46Z,Mac.attlocal.net-33776,
acok-daenerys-02,acok,6,done,2026-05-04 22:37:14,2026-05-04 22:42:00,286,6,43532,122168,12762,178468,0.652839,,Mac.attlocal.net-35515,
acok-daenerys-03,acok,6,failed-stale,2026-05-05T03:42:00Z,,,,,,,,,2026-05-05T03:42:00Z,Mac.attlocal.net-35515,
acok-sansa-02,acok,9,failed-stale,,,,,,,,,,2026-05-05T03:42:16Z,Mac.attlocal.net-33776,
acok-daenerys-03,acok,6,failed-stale,,,,,,,,,,2026-05-05T03:42:30Z,Mac.attlocal.net-35515,
acok-sansa-02,acok,9,failed-stale,,,,,,,,,,2026-05-05T03:42:46Z,Mac.attlocal.net-33776,
acok-daenerys-03,acok,6,failed-stale,,,,,,,,,,2026-05-05T03:43:00Z,Mac.attlocal.net-35515,
acok-sansa-02,acok,9,failed-stale,,,,,,,,,,2026-05-05T03:43:16Z,Mac.attlocal.net-33776,
acok-daenerys-03,acok,6,failed-stale,,,,,,,,,,2026-05-05T03:43:30Z,Mac.attlocal.net-35515,
acok-sansa-02,acok,9,failed-stale,,,,,,,,,,2026-05-05T03:43:46Z,Mac.attlocal.net-33776,
acok-daenerys-03,acok,6,failed-stale,,,,,,,,,,2026-05-05T03:44:00Z,Mac.attlocal.net-35515,
acok-sansa-02,acok,9,failed-stale,,,,,,,,,,2026-05-05T03:44:16Z,Mac.attlocal.net-33776,
acok-daenerys-03,acok,6,failed-stale,,,,,,,,,,2026-05-05T03:44:30Z,Mac.attlocal.net-35515,
acok-sansa-02,acok,9,failed-stale,,,,,,,,,,2026-05-05T03:44:46Z,Mac.attlocal.net-33776,
acok-daenerys-03,acok,6,failed-stale,,,,,,,,,,2026-05-05T03:45:00Z,Mac.attlocal.net-35515,
acok-sansa-02,acok,9,failed-stale,,,,,,,,,,2026-05-05T03:45:16Z,Mac.attlocal.net-33776,
acok-daenerys-03,acok,6,done,2026-05-04 22:42:00,2026-05-04 22:45:28,208,6,41488,123573,9301,174368,0.5542465,,Mac.attlocal.net-35515,
acok-daenerys-04,acok,6,failed-stale,2026-05-05T03:45:28Z,,,,,,,,,2026-05-05T03:45:28Z,Mac.attlocal.net-35515,
acok-sansa-02,acok,9,failed-stale,,,,,,,,,,2026-05-05T03:45:46Z,Mac.attlocal.net-33776,
acok-sansa-02,acok,9,done,2026-05-04 22:41:46,2026-05-04 22:45:51,245,4096,42136,117762,11623,175617,0.633884,,Mac.attlocal.net-33776,
acok-sansa-03,acok,9,failed-stale,2026-05-05T03:45:51Z,,,,,,,,,2026-05-05T03:45:51Z,Mac.attlocal.net-33776,
acok-daenerys-04,acok,6,failed-stale,,,,,,,,,,2026-05-05T03:45:58Z,Mac.attlocal.net-35515,
acok-sansa-03,acok,9,failed-stale,,,,,,,,,,2026-05-05T03:46:21Z,Mac.attlocal.net-33776,
acok-daenerys-04,acok,6,failed-stale,,,,,,,,,,2026-05-05T03:46:28Z,Mac.attlocal.net-35515,
acok-sansa-03,acok,9,failed-stale,,,,,,,,,,2026-05-05T03:46:51Z,Mac.attlocal.net-33776,
acok-daenerys-04,acok,6,failed-stale,,,,,,,,,,2026-05-05T03:46:58Z,Mac.attlocal.net-35515,
acok-sansa-03,acok,9,failed-stale,,,,,,,,,,2026-05-05T03:47:21Z,Mac.attlocal.net-33776,
acok-daenerys-04,acok,6,failed-stale,,,,,,,,,,2026-05-05T03:47:28Z,Mac.attlocal.net-35515,
acok-sansa-03,acok,9,failed-stale,,,,,,,,,,2026-05-05T03:47:51Z,Mac.attlocal.net-33776,
acok-daenerys-04,acok,6,failed-stale,,,,,,,,,,2026-05-05T03:47:58Z,Mac.attlocal.net-35515,
acok-sansa-03,acok,9,failed-stale,,,,,,,,,,2026-05-05T03:48:21Z,Mac.attlocal.net-33776,
acok-daenerys-04,acok,6,failed-stale,,,,,,,,,,2026-05-05T03:48:29Z,Mac.attlocal.net-35515,
acok-sansa-03,acok,9,failed-stale,,,,,,,,,,2026-05-05T03:48:51Z,Mac.attlocal.net-33776,
acok-daenerys-04,acok,6,failed-stale,,,,,,,,,,2026-05-05T03:48:59Z,Mac.attlocal.net-35515,
acok-sansa-03,acok,9,failed-stale,,,,,,,,,,2026-05-05T03:49:21Z,Mac.attlocal.net-33776,
acok-daenerys-04,acok,6,failed-stale,,,,,,,,,,2026-05-05T03:49:29Z,Mac.attlocal.net-35515,
acok-sansa-03,acok,9,failed-stale,,,,,,,,,,2026-05-05T03:49:51Z,Mac.attlocal.net-33776,
acok-daenerys-04,acok,6,failed-stale,,,,,,,,,,2026-05-05T03:49:59Z,Mac.attlocal.net-35515,
acok-sansa-03,acok,9,failed-stale,,,,,,,,,,2026-05-05T03:50:21Z,Mac.attlocal.net-33776,
acok-daenerys-04,acok,6,failed-stale,,,,,,,,,,2026-05-05T03:50:29Z,Mac.attlocal.net-35515,
acok-sansa-03,acok,9,done,2026-05-04 22:45:51,2026-05-04 22:50:33,282,6,43115,121933,12792,177846,0.6508432499999999,,Mac.attlocal.net-33776,
acok-sansa-04,acok,9,failed-stale,2026-05-05T03:50:33Z,,,,,,,,,2026-05-05T03:50:33Z,Mac.attlocal.net-33776,
acok-daenerys-04,acok,6,failed-stale,,,,,,,,,,2026-05-05T03:50:59Z,Mac.attlocal.net-35515,
acok-sansa-04,acok,9,failed-stale,,,,,,,,,,2026-05-05T03:51:03Z,Mac.attlocal.net-33776,
acok-daenerys-04,acok,6,done,2026-05-04 22:45:28,2026-05-04 22:51:07,339,6,45901,123365,13997,183269,0.69911875,,Mac.attlocal.net-35515,
acok-daenerys-05,acok,6,failed-stale,2026-05-05T03:51:07Z,,,,,,,,,2026-05-05T03:51:07Z,Mac.attlocal.net-35515,
acok-sansa-04,acok,9,failed-stale,,,,,,,,,,2026-05-05T03:51:33Z,Mac.attlocal.net-33776,
acok-daenerys-05,acok,6,failed-stale,,,,,,,,,,2026-05-05T03:51:37Z,Mac.attlocal.net-35515,
acok-sansa-04,acok,9,failed-stale,,,,,,,,,,2026-05-05T03:52:03Z,Mac.attlocal.net-33776,
acok-daenerys-05,acok,6,failed-stale,,,,,,,,,,2026-05-05T03:52:07Z,Mac.attlocal.net-35515,
acok-sansa-04,acok,9,failed-stale,,,,,,,,,,2026-05-05T03:52:33Z,Mac.attlocal.net-33776,
acok-daenerys-05,acok,6,failed-stale,,,,,,,,,,2026-05-05T03:52:37Z,Mac.attlocal.net-35515,
acok-sansa-04,acok,9,failed-stale,,,,,,,,,,2026-05-05T03:53:03Z,Mac.attlocal.net-33776,
acok-daenerys-05,acok,6,failed-stale,,,,,,,,,,2026-05-05T03:53:07Z,Mac.attlocal.net-35515,
acok-sansa-04,acok,9,done,2026-05-04 22:50:33,2026-05-04 22:53:32,179,6,39157,122994,7664,169821,0.49844124999999995,,Mac.attlocal.net-33776,
acok-sansa-05,acok,10,failed-stale,2026-05-05T03:53:34Z,,,,,,,,,2026-05-05T03:53:34Z,Mac.attlocal.net-39017,
acok-daenerys-05,acok,6,failed-stale,,,,,,,,,,2026-05-05T03:53:37Z,Mac.attlocal.net-35515,
acok-sansa-05,acok,10,failed-stale,,,,,,,,,,2026-05-05T03:54:04Z,Mac.attlocal.net-39017,
acok-daenerys-05,acok,6,failed-stale,,,,,,,,,,2026-05-05T03:54:07Z,Mac.attlocal.net-35515,
acok-sansa-05,acok,10,failed-stale,,,,,,,,,,2026-05-05T03:54:34Z,Mac.attlocal.net-39017,
acok-daenerys-05,acok,6,failed-stale,,,,,,,,,,2026-05-05T03:54:37Z,Mac.attlocal.net-35515,
acok-sansa-05,acok,10,failed-stale,,,,,,,,,,2026-05-05T03:55:04Z,Mac.attlocal.net-39017,
acok-daenerys-05,acok,6,failed-stale,,,,,,,,,,2026-05-05T03:55:08Z,Mac.attlocal.net-35515,
acok-sansa-05,acok,10,failed-stale,,,,,,,,,,2026-05-05T03:55:34Z,Mac.attlocal.net-39017,
acok-daenerys-05,acok,6,done,2026-05-04 22:51:07,2026-05-04 22:55:36,269,6,45404,125061,11966,182437,0.6460904999999999,,Mac.attlocal.net-35515,
acok-davos-01,acok,6,failed-stale,2026-05-05T03:55:36Z,,,,,,,,,2026-05-05T03:55:36Z,Mac.attlocal.net-35515,
acok-sansa-05,acok,10,failed-stale,,,,,,,,,,2026-05-05T03:56:04Z,Mac.attlocal.net-39017,
acok-davos-01,acok,6,failed-stale,,,,,,,,,,2026-05-05T03:56:06Z,Mac.attlocal.net-35515,
acok-sansa-05,acok,10,failed-stale,,,,,,,,,,2026-05-05T03:56:34Z,Mac.attlocal.net-39017,
acok-davos-01,acok,6,failed-stale,,,,,,,,,,2026-05-05T03:56:36Z,Mac.attlocal.net-35515,
acok-sansa-05,acok,10,failed-stale,,,,,,,,,,2026-05-05T03:57:04Z,Mac.attlocal.net-39017,
acok-davos-01,acok,6,failed-stale,,,,,,,,,,2026-05-05T03:57:06Z,Mac.attlocal.net-35515,
acok-sansa-05,acok,10,failed-stale,,,,,,,,,,2026-05-05T03:57:34Z,Mac.attlocal.net-39017,
acok-davos-01,acok,6,failed-stale,,,,,,,,,,2026-05-05T03:57:36Z,Mac.attlocal.net-35515,
acok-sansa-05,acok,10,done,2026-05-04 22:53:34,2026-05-04 22:57:55,261,8,40969,208837,11431,261245,0.6468727499999999,,Mac.attlocal.net-39017,
acok-sansa-06,acok,10,failed-stale,2026-05-05T03:57:55Z,,,,,,,,,2026-05-05T03:57:55Z,Mac.attlocal.net-39017,
acok-davos-01,acok,6,failed-stale,,,,,,,,,,2026-05-05T03:58:06Z,Mac.attlocal.net-35515,
acok-sansa-06,acok,10,failed-stale,,,,,,,,,,2026-05-05T03:58:25Z,Mac.attlocal.net-39017,
acok-davos-01,acok,6,failed-stale,,,,,,,,,,2026-05-05T03:58:36Z,Mac.attlocal.net-35515,
acok-sansa-06,acok,10,failed-stale,,,,,,,,,,2026-05-05T03:58:55Z,Mac.attlocal.net-39017,
acok-davos-01,acok,6,failed-stale,,,,,,,,,,2026-05-05T03:59:06Z,Mac.attlocal.net-35515,
acok-sansa-06,acok,10,failed-stale,,,,,,,,,,2026-05-05T03:59:25Z,Mac.attlocal.net-39017,
acok-davos-01,acok,6,failed-stale,,,,,,,,,,2026-05-05T03:59:36Z,Mac.attlocal.net-35515,
acok-sansa-06,acok,10,failed-stale,,,,,,,,,,2026-05-05T03:59:55Z,Mac.attlocal.net-39017,
acok-davos-01,acok,6,failed-stale,,,,,,,,,,2026-05-05T04:00:06Z,Mac.attlocal.net-35515,
acok-sansa-06,acok,10,failed-stale,,,,,,,,,,2026-05-05T04:00:25Z,Mac.attlocal.net-39017,
acok-davos-01,acok,6,failed-stale,,,,,,,,,,2026-05-05T04:00:36Z,Mac.attlocal.net-35515,
acok-sansa-06,acok,10,failed-stale,,,,,,,,,,2026-05-05T04:00:55Z,Mac.attlocal.net-39017,
acok-davos-01,acok,6,failed-stale,,,,,,,,,,2026-05-05T04:01:06Z,Mac.attlocal.net-35515,
acok-sansa-06,acok,10,done,2026-05-04 22:57:55,2026-05-04 23:01:07,192,7,37966,164777,8518,211268,0.5332589999999999,,Mac.attlocal.net-39017,
acok-sansa-07,acok,10,failed-stale,2026-05-05T04:01:07Z,,,,,,,,,2026-05-05T04:01:07Z,Mac.attlocal.net-39017,
acok-davos-01,acok,6,working,,,,,,,,,,2026-05-05T04:01:36Z,Mac.attlocal.net-35515,
acok-sansa-07,acok,10,working,,,,,,,,,,2026-05-05T04:01:38Z,Mac.attlocal.net-39017,
acok-davos-01,acok,6,working,,,,,,,,,,2026-05-05T04:02:07Z,Mac.attlocal.net-35515,
acok-sansa-07,acok,10,working,,,,,,,,,,2026-05-05T04:02:08Z,Mac.attlocal.net-39017,
acok-davos-01,acok,6,working,,,,,,,,,,2026-05-05T04:02:37Z,Mac.attlocal.net-35515,
acok-sansa-07,acok,10,working,,,,,,,,,,2026-05-05T04:02:38Z,Mac.attlocal.net-39017,
acok-davos-01,acok,6,done,2026-05-04 22:55:36,2026-05-04 23:02:48,432,4096,54861,123010,19464,201431,0.91203425,,Mac.attlocal.net-35515,
acok-davos-02,acok,7,started,2026-05-05T04:02:49Z,,,,,,,,,2026-05-05T04:02:49Z,Mac.attlocal.net-41484,
acok-sansa-07,acok,10,working,,,,,,,,,,2026-05-05T04:03:08Z,Mac.attlocal.net-39017,
acok-davos-02,acok,7,working,,,,,,,,,,2026-05-05T04:03:19Z,Mac.attlocal.net-41484,
acok-sansa-07,acok,10,working,,,,,,,,,,2026-05-05T04:03:38Z,Mac.attlocal.net-39017,
acok-davos-02,acok,7,working,,,,,,,,,,2026-05-05T04:03:49Z,Mac.attlocal.net-41484,
acok-sansa-07,acok,10,working,,,,,,,,,,2026-05-05T04:04:08Z,Mac.attlocal.net-39017,
acok-davos-02,acok,7,working,,,,,,,,,,2026-05-05T04:04:19Z,Mac.attlocal.net-41484,
acok-sansa-07,acok,10,working,,,,,,,,,,2026-05-05T04:04:38Z,Mac.attlocal.net-39017,
acok-davos-02,acok,7,working,,,,,,,,,,2026-05-05T04:04:50Z,Mac.attlocal.net-41484,
acok-sansa-07,acok,10,done,2026-05-04 23:01:07,2026-05-04 23:04:58,231,6,39877,121712,9922,171517,0.5587702499999999,,Mac.attlocal.net-39017,
acok-sansa-08,acok,10,started,2026-05-05T04:04:58Z,,,,,,,,,2026-05-05T04:04:58Z,Mac.attlocal.net-39017,
acok-davos-02,acok,7,working,,,,,,,,,,2026-05-05T04:05:20Z,Mac.attlocal.net-41484,
acok-sansa-08,acok,10,working,,,,,,,,,,2026-05-05T04:05:28Z,Mac.attlocal.net-39017,
acok-davos-02,acok,7,working,,,,,,,,,,2026-05-05T04:05:50Z,Mac.attlocal.net-41484,
acok-sansa-08,acok,10,working,,,,,,,,,,2026-05-05T04:05:58Z,Mac.attlocal.net-39017,
acok-davos-02,acok,7,working,,,,,,,,,,2026-05-05T04:06:20Z,Mac.attlocal.net-41484,
acok-sansa-08,acok,10,working,,,,,,,,,,2026-05-05T04:06:28Z,Mac.attlocal.net-39017,
acok-davos-02,acok,7,working,,,,,,,,,,2026-05-05T04:06:50Z,Mac.attlocal.net-41484,
acok-sansa-08,acok,10,working,,,,,,,,,,2026-05-05T04:06:58Z,Mac.attlocal.net-39017,
acok-davos-02,acok,7,working,,,,,,,,,,2026-05-05T04:07:20Z,Mac.attlocal.net-41484,
acok-sansa-08,acok,10,working,,,,,,,,,,2026-05-05T04:07:28Z,Mac.attlocal.net-39017,
acok-davos-02,acok,7,working,,,,,,,,,,2026-05-05T04:07:50Z,Mac.attlocal.net-41484,
acok-sansa-08,acok,10,working,,,,,,,,,,2026-05-05T04:07:58Z,Mac.attlocal.net-39017,
acok-davos-02,acok,7,done,2026-05-04 23:02:49,2026-05-04 23:08:03,314,5,50462,88882,14031,153380,0.7112065,,Mac.attlocal.net-41484,
acok-davos-03,acok,7,started,2026-05-05T04:08:03Z,,,,,,,,,2026-05-05T04:08:03Z,Mac.attlocal.net-41484,
acok-sansa-08,acok,10,working,,,,,,,,,,2026-05-05T04:08:28Z,Mac.attlocal.net-39017,
acok-davos-03,acok,7,working,,,,,,,,,,2026-05-05T04:08:33Z,Mac.attlocal.net-41484,
acok-sansa-08,acok,10,working,,,,,,,,,,2026-05-05T04:08:58Z,Mac.attlocal.net-39017,
acok-sansa-08,acok,10,done,2026-05-04 23:04:58,2026-05-04 23:09:01,243,6,42772,123343,11238,177359,0.6105645000000001,,Mac.attlocal.net-39017,
acok-theon-01,acok,10,started,2026-05-05T04:09:02Z,,,,,,,,,2026-05-05T04:09:02Z,Mac.attlocal.net-39017,
acok-davos-03,acok,7,working,,,,,,,,,,2026-05-05T04:09:03Z,Mac.attlocal.net-41484,
acok-theon-01,acok,10,working,,,,,,,,,,2026-05-05T04:09:32Z,Mac.attlocal.net-39017,
acok-davos-03,acok,7,working,,,,,,,,,,2026-05-05T04:09:33Z,Mac.attlocal.net-41484,
acok-theon-01,acok,10,working,,,,,,,,,,2026-05-05T04:10:02Z,Mac.attlocal.net-39017,
acok-davos-03,acok,7,working,,,,,,,,,,2026-05-05T04:10:03Z,Mac.attlocal.net-41484,
acok-theon-01,acok,10,working,,,,,,,,,,2026-05-05T04:10:32Z,Mac.attlocal.net-39017,
acok-davos-03,acok,7,working,,,,,,,,,,2026-05-05T04:10:33Z,Mac.attlocal.net-41484,
acok-theon-01,acok,10,working,,,,,,,,,,2026-05-05T04:11:02Z,Mac.attlocal.net-39017,
acok-davos-03,acok,7,working,,,,,,,,,,2026-05-05T04:11:03Z,Mac.attlocal.net-41484,
acok-davos-03,acok,7,done,2026-05-04 23:08:03,2026-05-04 23:11:21,198,6,42108,126607,7338,176059,0.5105314999999999,,Mac.attlocal.net-41484,
acok-jon-01,acok,7,started,2026-05-05T04:11:21Z,,,,,,,,,2026-05-05T04:11:21Z,Mac.attlocal.net-41484,
acok-theon-01,acok,10,working,,,,,,,,,,2026-05-05T04:11:32Z,Mac.attlocal.net-39017,
acok-jon-01,acok,7,working,,,,,,,,,,2026-05-05T04:11:51Z,Mac.attlocal.net-41484,
acok-theon-01,acok,10,working,,,,,,,,,,2026-05-05T04:12:02Z,Mac.attlocal.net-39017,
acok-jon-01,acok,7,working,,,,,,,,,,2026-05-05T04:12:21Z,Mac.attlocal.net-41484,
acok-theon-01,acok,10,working,,,,,,,,,,2026-05-05T04:12:32Z,Mac.attlocal.net-39017,
acok-jon-01,acok,7,working,,,,,,,,,,2026-05-05T04:12:51Z,Mac.attlocal.net-41484,
acok-theon-01,acok,10,working,,,,,,,,,,2026-05-05T04:13:02Z,Mac.attlocal.net-39017,
acok-jon-01,acok,7,working,,,,,,,,,,2026-05-05T04:13:21Z,Mac.attlocal.net-41484,
acok-theon-01,acok,10,working,,,,,,,,,,2026-05-05T04:13:32Z,Mac.attlocal.net-39017,
acok-jon-01,acok,7,working,,,,,,,,,,2026-05-05T04:13:51Z,Mac.attlocal.net-41484,
acok-theon-01,acok,10,working,,,,,,,,,,2026-05-05T04:14:02Z,Mac.attlocal.net-39017,
acok-jon-01,acok,7,working,,,,,,,,,,2026-05-05T04:14:21Z,Mac.attlocal.net-41484,
acok-theon-01,acok,10,working,,,,,,,,,,2026-05-05T04:14:32Z,Mac.attlocal.net-39017,
acok-jon-01,acok,7,working,,,,,,,,,,2026-05-05T04:14:51Z,Mac.attlocal.net-41484,
acok-theon-01,acok,10,working,,,,,,,,,,2026-05-05T04:15:02Z,Mac.attlocal.net-39017,
acok-theon-01,acok,10,done,2026-05-04 23:09:02,2026-05-04 23:15:03,361,5,53277,90657,15143,159082,0.75750275,,Mac.attlocal.net-39017,
acok-jon-01,acok,7,working,,,,,,,,,,2026-05-05T04:15:21Z,Mac.attlocal.net-41484,
acok-jon-01,acok,7,done,2026-05-04 23:11:21,2026-05-04 23:15:23,242,6,42922,124935,9960,177823,0.580321,,Mac.attlocal.net-41484,
acok-jon-02,acok,7,started,2026-05-05T04:15:24Z,,,,,,,,,2026-05-05T04:15:24Z,Mac.attlocal.net-41484,
acok-jon-02,acok,7,working,,,,,,,,,,2026-05-05T04:15:54Z,Mac.attlocal.net-41484,
acok-jon-02,acok,7,working,,,,,,,,,,2026-05-05T04:16:24Z,Mac.attlocal.net-41484,
acok-jon-02,acok,7,working,,,,,,,,,,2026-05-05T04:16:54Z,Mac.attlocal.net-41484,
acok-jon-02,acok,7,working,,,,,,,,,,2026-05-05T04:17:24Z,Mac.attlocal.net-41484,
acok-jon-02,acok,7,working,,,,,,,,,,2026-05-05T04:17:54Z,Mac.attlocal.net-41484,
acok-jon-02,acok,7,done,2026-05-04 23:15:24,2026-05-04 23:18:17,173,6,36665,121331,7409,165411,0.47566775000000006,,Mac.attlocal.net-41484,
acok-jon-03,acok,7,started,2026-05-05T04:18:17Z,,,,,,,,,2026-05-05T04:18:17Z,Mac.attlocal.net-41484,
acok-jon-03,acok,7,working,,,,,,,,,,2026-05-05T04:18:47Z,Mac.attlocal.net-41484,
acok-jon-03,acok,7,working,,,,,,,,,,2026-05-05T04:19:17Z,Mac.attlocal.net-41484,
acok-jon-03,acok,7,working,,,,,,,,,,2026-05-05T04:19:47Z,Mac.attlocal.net-41484,
acok-jon-03,acok,7,working,,,,,,,,,,2026-05-05T04:20:17Z,Mac.attlocal.net-41484,
acok-jon-03,acok,7,working,,,,,,,,,,2026-05-05T04:20:47Z,Mac.attlocal.net-41484,
acok-jon-03,acok,7,working,,,,,,,,,,2026-05-05T04:21:17Z,Mac.attlocal.net-41484,
acok-jon-03,acok,7,working,,,,,,,,,,2026-05-05T04:21:47Z,Mac.attlocal.net-41484,
acok-jon-03,acok,7,working,,,,,,,,,,2026-05-05T04:22:17Z,Mac.attlocal.net-41484,
acok-jon-03,acok,7,working,,,,,,,,,,2026-05-05T04:22:47Z,Mac.attlocal.net-41484,
acok-jon-03,acok,7,working,,,,,,,,,,2026-05-05T04:23:17Z,Mac.attlocal.net-41484,
acok-jon-03,acok,7,done,2026-05-04 23:18:17,2026-05-04 23:23:47,330,5,50662,90650,12599,153916,0.6775335,,Mac.attlocal.net-41484,
